n,accuracy,precision,recall,f1,roc_auc,pr_auc,brier_score,tn,fp,fn,tp,model,split,source_file,epoch,train_loss,val_loss,mc_passes,checkpoint_metric,best_validation_score
2431344,0.6965563079514869,0.6965563079514869,1.0,0.8211413964710035,0.5,0.6965563079514869,0.2115015604415556,0,737776,0,1693568,majority,val,baseline_metrics.csv,,,,,,
2465669,0.6907001710286336,0.6907001710286336,1.0,0.8170581429685512,0.5,0.6907001710286336,0.21394024034875,0,762631,0,1703038,majority,test,baseline_metrics.csv,,,,,,
2431344,0.6597865213643154,0.7557484904087527,0.7558680844229461,0.7558082826849115,0.5975494810438557,0.741297789518274,0.3402134786356846,324054,413722,413454,1280114,previous_correct,val,baseline_metrics.csv,,,,,,
2465669,0.6563877795438073,0.7510289852351765,0.7517142894051689,0.751371481058683,0.5976138002804459,0.7360502027305614,0.3436122204561926,338237,424394,422840,1280198,previous_correct,test,baseline_metrics.csv,,,,,,
2431344,0.7205015004047144,0.8707641387944519,0.7030931146549769,0.7779972029013773,0.8068023591003822,0.8997268513961872,0.1840919585149786,561051,176725,502832,1190736,logistic_regression,val,baseline_metrics.csv,,,,,,
2465669,0.7107519298007965,0.8681801815741785,0.6852730238550168,0.7659586477391984,0.8013417369586704,0.8941568340433621,0.189129329102533,585433,177198,535992,1167046,logistic_regression,test,baseline_metrics.csv,,,,,,
2431344,0.7139763028185234,0.8303915792261097,0.7406540510921321,0.7829599284420861,0.7730886805122599,0.8826785992279457,0.1841762712299694,481574,256202,439220,1254348,random_forest,val,baseline_metrics.csv,,,,,,
2465669,0.7054981832516855,0.8303715036679612,0.7208799803645015,0.7717616381624358,0.770620987812976,0.8789652189092584,0.1878400415897237,511839,250792,475352,1227686,random_forest,test,baseline_metrics.csv,,,,,,
2431344,0.7223802966589672,0.7289938854269568,0.9573309131962816,0.8277033969020311,0.7107863934143659,0.8437174638185857,0.1982235001188775,135050,602726,72263,1621305,hist_gradient_boosting,val,baseline_metrics.csv,,,,,,
2465669,0.7186074043190712,0.7261172698076691,0.95148787049966,0.8236643512617733,0.7108919064871791,0.8397066768155936,0.1988552109841933,151428,611203,82618,1620420,hist_gradient_boosting,test,baseline_metrics.csv,,,,,,
2424690,0.6911551579789581,0.8233486943164362,0.7085189736604433,0.7616299815664653,0.7446833095838751,0.8584060252663491,0.2011619115105035,479485,256680,492173,1196352,gru,val,gru_sequence_metrics.csv,1,0.3541308514390242,0.587961733341217,,,
2424690,0.6726455753106583,0.8399541658055025,0.6546660546927052,0.7358250240549988,0.7515220041770146,0.865035934063865,0.2073410517422538,525537,210628,583105,1105420,gru,val,gru_sequence_metrics.csv,2,0.3470329444987861,0.6007562875747681,,,
2424690,0.6736824088852595,0.8417975237462556,0.6543977732044239,0.7363616583359796,0.7542952953600537,0.8672969817431531,0.2072302511247201,528504,207661,583558,1104967,gru,val,gru_sequence_metrics.csv,3,0.344219258031858,0.600013017654419,,,
2424690,0.6822043230268612,0.8383521472817758,0.6735162345834382,0.746948329980355,0.7559208975912338,0.868742107813036,0.2033980169007401,516885,219280,551276,1137249,gru,val,gru_sequence_metrics.csv,4,0.3426560880494902,0.5913975834846497,,,
2424690,0.670448181004582,0.8461159510071429,0.6438714262447994,0.7312677844938887,0.7571574107757655,0.8697232675903518,0.2093678989920755,538436,197729,601332,1087193,gru,val,gru_sequence_metrics.csv,5,0.3415756533936422,0.6053880453109741,,,
2424690,0.678958959702065,0.8417959214331318,0.6637301787062673,0.742232708307463,0.757341283544857,0.8699075764653654,0.2044525260206969,525540,210625,567800,1120725,gru,val,gru_sequence_metrics.csv,6,0.3407373564094403,0.5937248468399048,,,
2424690,0.6735743538349233,0.844494351645043,0.6511647739891325,0.7353346283243221,0.7576128681405196,0.8701793155411895,0.207536013756828,533701,202464,589017,1099508,gru,val,gru_sequence_metrics.csv,7,0.3401000096654731,0.6009392142295837,,,
2424690,0.6896320766778433,0.8355694375428883,0.6901265897750996,0.7559155639481593,0.758085408352541,0.8704043523815878,0.1994709280654912,506848,229317,523229,1165296,gru,val,gru_sequence_metrics.csv,8,0.3395664057308588,0.5818578004837036,,,
2424690,0.6790938223030573,0.8426179388890687,0.6630224604314416,0.7421089647940214,0.7584827201116562,0.8704492446282284,0.2047220186018301,527062,209103,568995,1119530,gru,val,gru_sequence_metrics.csv,9,0.3391609656844858,0.5946971774101257,,,
2424690,0.6909023421550796,0.8357799510128189,0.6921378125879095,0.7572068613635259,0.7591109662357235,0.8712736964164195,0.1992901981044735,506532,229633,519833,1168692,gru,val,gru_sequence_metrics.csv,10,0.3387522081837783,0.5816337466239929,,,
2424690,0.6779184143127575,0.8432302582763475,0.6602472572215395,0.7406036465384722,0.7588659354655212,0.8710461421296795,0.2042561790245023,528898,207267,573681,1114844,gru,val,gru_sequence_metrics.csv,11,0.3383510826629109,0.5927599668502808,,,
2424690,0.6848727053767698,0.8394586809847264,0.6769446706444974,0.749493305601473,0.7587134598458155,0.8708180580699431,0.2027871619259608,517566,218599,545487,1143038,gru,val,gru_sequence_metrics.csv,12,0.3379959223891002,0.5900775194168091,,,
2457795,0.6884081056394045,0.8338419735287352,0.6854724507780322,0.7524126566719482,0.759243089284194,0.8693801263508871,0.2005171121413156,528297,231882,533947,1163669,gru,test,gru_sequence_metrics.csv,best_10,,,50.0,roc_auc,0.7591109662357235
2424690,0.646753193191707,0.8357934994143871,0.6132227831983535,0.7074145708919661,0.7333720114762925,0.8498611842711665,0.2215840940664481,532734,203431,653083,1035442,transformer,val,transformer_sequence_metrics.csv,1,0.3576591838653256,0.6364486813545227,,,
2424690,0.6634501730118076,0.8334821428571428,0.6457280762795932,0.7276894301536532,0.7394081251007988,0.8540176750477678,0.216428694743904,518333,217832,598197,1090328,transformer,val,transformer_sequence_metrics.csv,2,0.3536752576007915,0.6257038712501526,,,
2424690,0.6746483055565866,0.8304147519597589,0.6695310996283739,0.7413447644640822,0.7422040410977814,0.8565892921663619,0.2065595108499068,505293,230872,558005,1130520,transformer,val,transformer_sequence_metrics.csv,3,0.3516834625286221,0.5994884371757507,,,
2424690,0.6663676593708886,0.8360944764909256,0.6479282213766453,0.7300821043155565,0.7436784661594906,0.8578703525566631,0.2119064202076007,521692,214473,594482,1094043,transformer,val,transformer_sequence_metrics.csv,4,0.3502064634571824,0.6125965118408203,,,
2424690,0.6680759189834576,0.8361860125388033,0.6508733954190787,0.7319831692944524,0.7451074312465263,0.8593264756847421,0.2114278166765677,520861,215304,589509,1099016,transformer,val,transformer_sequence_metrics.csv,5,0.3491582503914553,0.6116384267807007,,,
2424690,0.6670172269444754,0.837829962618614,0.6470943575013696,0.7302123535996525,0.7459239143576674,0.8602645832739741,0.210607291806766,524675,211490,595890,1092635,transformer,val,transformer_sequence_metrics.csv,6,0.3482758105416062,0.6104653477668762,,,
2424690,0.6720883906808706,0.8362575432421507,0.6579553160302631,0.7364681581103548,0.747325262423017,0.8613498566960149,0.2121710081418203,518632,217533,577551,1110974,transformer,val,transformer_sequence_metrics.csv,7,0.3476012242914453,0.615478515625,,,
2424690,0.6737966502934396,0.8359723281721277,0.661341111324973,0.7384731265565462,0.7479475427666422,0.8619284238480385,0.2072790347545774,517057,219108,571834,1116691,transformer,val,transformer_sequence_metrics.csv,8,0.3470257124885837,0.6013978123664856,,,
2424690,0.6585439788179107,0.8435468598555554,0.625730149094624,0.7184931080666171,0.7477393406198605,0.8617589507562519,0.2149855967059776,540204,195961,631964,1056561,transformer,val,transformer_sequence_metrics.csv,9,0.3465423969418987,0.6204803586006165,,,
2424690,0.6423596418511233,0.8512779060816013,0.5894073229593876,0.6965427584095184,0.7479661690556278,0.8621737994275729,0.2272849760309838,562294,173871,693296,995229,transformer,val,transformer_sequence_metrics.csv,10,0.3461323182267922,0.651458203792572,,,
2424690,0.6696513781143156,0.837449241859687,0.6522236863534742,0.7333210147207421,0.7475611699559924,0.8616590098650592,0.2129064946954099,522401,213764,587229,1101296,transformer,val,transformer_sequence_metrics.csv,11,0.3457618999996027,0.6178655624389648,,,
2424690,0.6477463098375462,0.849136008475477,0.6009375046268193,0.7037955929976812,0.7485027396864518,0.8626080780731238,0.2218293813655184,555886,180279,673827,1014698,transformer,val,transformer_sequence_metrics.csv,12,0.3454076857182475,0.6372621059417725,,,
2457795,0.6455098980997195,0.8466741845299826,0.5944159338743273,0.6984665561955864,0.7470217218077055,0.8594656755634241,0.2229830566680297,577441,182738,688526,1009090,transformer,test,transformer_sequence_metrics.csv,best_12,,,50.0,roc_auc,0.7485027396864518
